Apple Passion Fruit Pie;9790;30 m
Apple Pie;9988;30 m
Apple Tart;9988;15 m
Aquatic Elixir;10073;10 m
Avocado Smoothie;50091;30 m
Bag of Popped Candy Corn;77728;30 m
Bag of Simple Cat Food;10043;10 m
Banana Cream Pie;9989;30 m
Bit of Enchanted Clam Bait;9978;10 m
Blackberry Cookie;9795;30 m
Blackberry Pie;9955;30 m
Blackened Fish Steak;9784;10 m
Blessing of Azantil;9811;10 m
Blessing Of Bear;9758;10 m
Block of Tofu;65937;30m
Blood Orange;10009;15 m
Bloodstone Pot Pie;26445;5 h
Blueberry Cookie;9790;30 m
Blueberry Muffin;9782;10 m
Blueberry Pie;9950;30 m
Blueberry Tart;9994;30 m
Boiled Crawdad;9810;10 m
"Bowl of ""Elon Red""";43333;30 m
Bowl of Apple Sauce;9994;30 m
Bowl of Artichoke Soup;9808;30 m
Bowl of Ascalonian Salad;10075;30 m
Bowl of Asparagus and Sage Salad;10079;30 m
Bowl of Avocado Salsa;10053;30 m
Bowl of Avocado Stirfry;9736;30 m
Bowl of Basic Poultry Soup;10010;15 m
Bowl of Basic Vegetable Soup;10057;15 m
Bowl of Bean Salad;10051;30 m
Bowl of Beet and Bean Stew;9776;30 m
Bowl of Black Pepper Cactus Salad;24807;30 m
Bowl of Blackberry Pear Compote;10029;30 m
Bowl of Blueberry Apple Compote;10026;30 m
Bowl of Blueberry Chocolate Chunk Ice Cream;16505;30 m
Bowl of Butternut Squash Soup;9828;30 m
Bowl of Cabbage and Chickpea Salad;10078;30 m
Bowl of Cabbage Stirfry;10093;30 m
Bowl of Cactus Fruit Salad;24800;30 m
Bowl of Cactus Soup;24807;30 m
Bowl of Candy Corn Custard;15250;30 m
Bowl of Candy Corn Ice Cream;16523;30 m
Bowl of Carne Khan Chili;57982;30 m
Bowl of Cauliflower Sautee;9740;30 m
Bowl of Cauliflower Soup;9827;30 m
Bowl of Cherry Vanilla Compote;10028;30 m
Bowl of Chickpea and Poultry Soup;10015;30 m
Bowl of Chickpea Salad;10054;30 m
Bowl of Chickpea Soup;9807;30 m
Bowl of Chili and Avocado;10118;30 m
Bowl of Chocolate Chip Ice Cream;16506;30 m
Bowl of Chocolate Tapioca Pudding;33223;30 m
Bowl of Clam Chowder;10012;30 m
Bowl of Cold Wurm Stew;9759;30 m
Bowl of Coleslaw;10077;30 m
Bowl of Creamy Portobello Soup;9821;30 m
Bowl of Curry Butternut Squash Soup;9829;30 m
Bowl of Curry Mussel Soup;33337;30 m
Bowl of Curry Pumpkin Soup;9809;30 m
Bowl of Degun Shun Stew;10059;30 m
Bowl of Dilled Clam Chowder;10014;30 m
Bowl of Dolyak Stew;9779;30 m
Bowl of Echovald Hotpot;66663;1 h
Bowl of Eggplant Sautee;9741;30 m
Bowl of Eggplant Stirfry;9737;30 m
Bowl of Ettin Stew;9733;30 m
Bowl of Fancy Bean Chili;10058;30 m
Bowl of Fancy Creamy Mushroom Soup;9820;30 m
Bowl of Fancy Potato and Leek Soup;9805;30 m
Bowl of Fire Meat Chili;10119;30 m
Bowl of Fire Salsa;10056;30 m
Bowl of Fire Veggie Chili;10062;30 m
Bowl of Firebreather Chili;57853;30 m
Bowl of Fish Stew;64829;30 m
Bowl of Fly Soup;10007;10 m
Bowl of Front Line Stew;9790;30 m
Bowl of Fruit Salad with Cilantro Garnish;57401;1 h
Bowl of Fruit Salad with Mint Garnish;57100;1 h
Bowl of Fruit Salad with Orange-Clove Syrup;57397;1 h
Bowl of Garlic Kale Sautee;10009;30 m
Bowl of Garlic Spinach Sautee;9734;30 m
Bowl of Gelatinous Ooze Custard;9988;30 m
Bowl of Ginger-Lime Ice Cream;16504;30 m
Bowl of Gladiator Gruel;9810;10 m
Bowl of Green Bean Stew;10117;30 m
Bowl of Green Chile Ice Cream;58014;30 m
Bowl of Grilled Bananas with Passion Fruit Sauce;9784;30 m
Bowl of Hearty Poultry Soup;10090;30 m
Bowl of Hearty Red Meat Stew;10083;30 m
Bowl of Herbed Meat Stock;10093;30 m
Bowl of Herbed Poultry Stock;10089;30 m
Bowl of Herbed Vegetable Stock;9806;30 m
Bowl of Hummus;10066;30 m
Bowl of Ice Wurm Bisque;9776;10 m
Bowl of Jade Sea Bounty;64357;1 h
Bowl of Kale and Poultry Soup;10089;30 m
Bowl of Kale Soup;9806;30 m
Bowl of Kappa Soup;10083;10 m
Bowl of Kimchi Tofu Stew;65197;30 m
Bowl of Kraitweed Salad;10087;10 m
Bowl of Krytan Meatball Dinner;9810;30 m
Bowl of Lemongrass Mussel Pasta;33574;30 m
Bowl of Lemongrass Poultry Soup;10017;30m
Bowl of Lotus Stirfry;9738;30 m
Bowl of Mango Salsa;10055;30 m
Bowl of Marjory's Experimental Chili;21829;30 m
Bowl of Mashed Yams;10022;30 m
Bowl of Meat and Bean Chili;10116;30 m
Bowl of Meat and Cabbage Stew;10093;30 m
Bowl of Meat and Winter Vegetable Stew;10095;30 m
Bowl of Meaty Wurm Surprise;10117;10 m
Bowl of Mint Chocolate Chip Ice Cream;16503;30 m
Bowl of Mists-Infused Fruit Salad with Mint Garnish;69105;1 h
Bowl of Mushroom and Asparagus Risotto;9816;30 m
Bowl of Mushroom Risotto;9815;30 m
Bowl of Mussel Soup;33148;30 m
Bowl of Nopalitos Sauté;24797;30 m
Bowl of Onion Soup;10083;15 m
Bowl of Orrian Truffle and Meat Stew;10096;30 m
Bowl of Orrian Truffle Soup;9818;30 m
Bowl of Outrider Stew;10020;1 h
Bowl of Overlake Soup;9788;10 m
Bowl of Passion Fruit Tapioca Pudding;32522;30 m
Bowl of Peach Raspberry Swirl Ice Cream;16502;30 m
Bowl of Pesto Pasta Salad;9811;30 m
Bowl of Potato and Leek Soup;9804;30 m
Bowl of Poultry and Leek Soup;10016;30 m
Bowl of Poultry and Winter Vegetable Soup;10091;30 m
Bowl of Poultry Noodle Soup;10085;30 m
Bowl of Poultry Satay;49296;30 m
Bowl of Poultry Stock;10085;15 m
Bowl of Poultry Tarragon Pasta;9812;30 m
Bowl of Prickly Pear Sorbet;24792;30 m
Bowl of Prickly Pear Tapioca Pudding;34069;30 m
Bowl of Pumpkin Bisque;9803;30 m
Bowl of Red Lentil Soup;46214;30 m
Bowl of Red Meat Stock;10081;15 m
Bowl of Refugee's Beet Soup;17826;30 m
Bowl of Roasted Lotus Root;10025;30 m
Bowl of Saffron-Mango Ice Cream;16501;30 m
Bowl of Saffron-scented Poultry Soup;10092;30 m
Bowl of Salad a la Consortium;15837;30 m
Bowl of Salsa;10049;30 m
Bowl of Sauteed Carrots;9733;15 m
Bowl of Sauteed Zucchini with Nutmeg;9739;30 m
Bowl of Savory Spinach and Poultry Soup;10087;30 m
Bowl of Sawgill Mushroom Risotto;33617;30 m
Bowl of Seaweed Salad;10080;30m
Bowl of Sesame Fruit Salad;57101;1 h
Bowl of Sharkfin Soup;9759;30 m
Bowl of Simple Bean Chili;10057;30 m
Bowl of Simple Meat Chili;10117;30 m
Bowl of Simple Meat Stew;10081;30 m
Bowl of Simple Poultry Soup;10010;30 m
Bowl of Simple Salad;10073;30 m
Bowl of Simple Stirfry;9733;30 m
Bowl of Simple Vegetable Soup;9774;30 m
Bowl of Skalefin Soup;9826;10 m
Bowl of Snow Truffle Soup;9819;30 m
Bowl of Spiced Fruit Salad;57276;1 h
Bowl of Spiced Mashed Yams;10022;30 m
Bowl of Spiced Meat and Cabbage Stew;10094;30 m
Bowl of Spiced Meat Chili;10121;30 m
Bowl of Spiced Red Lentil Stew;44639;30 m
Bowl of Spiced Veggie Chili;10060;30 m
Bowl of Spicy Meat Chili;10120;30 m
Bowl of Spicy Veggie Chili;10061;30 m
Bowl of Stew;17826;30 m
Bowl of Strawberry Apple Compote;10027;30 m
Bowl of Sweet and Spicy Beans;24804;30 m
Bowl of Sweet and Spicy Butternut Squash Soup;17825;30 m
Bowl of Tapioca Pudding;34014;30 m
Bowl of Tasty Wurm Stew;9754;30 m
Bowl of Tomato Soup;9776;15 m
Bowl of Tomato Zucchini Soup;9826;30 m
Bowl of Tropical Fruit Salad;15842;30 m
Bowl of Tropical Mousse;15843;30 m
Bowl of Truffle Ravioli;9813;30 m
Bowl of Truffle Risotto;9817;30 m
Bowl of Truffle Sautee;9742;30 m
Bowl of Vegetable Stock;9774;15 m
Bowl of Watery Mushroom Soup;9758;30 m
Bowl of Winterberry Seaweed Salad;37111;30 m
Bowl of Wurm Meat Stew;10010;10 m
Bowl of Yam Soup;9802;30 m
Bowl of Zesty Turnip Soup;17827;30 m
Bowl of Zucchini Chili;10059;30 m
Boxed Chocolate Raspberry Cookie;34636;30 m
Boxed Chocolate Raspberry Cream;34728;30 m
Boxed Peach Cookie;34684;30 m
Boxed Raspberry Peach Bar;34690;30 m
Boxed Spicy Cheeseburger;34776;30 m
Boxed Super Veggie Pizza;34676;30 m
Buttermilk Biscuit;9778;30 m
Cake Shot (effect);25318;10 m / 30 m
Can of Artichoke Soup;34762;30 m
Can of Asparagus and Sage Salad;34775;30 m
Can of Butternut Squash Soup;34634;30 m
Can of Eggplant Saute;34675;30 m
Can of Eggplant Stir-Fry;34679;30 m
Can of Hearty Poultry Soup;34754;30 m
Can of Mango Salsa;34741;30 m
Can of Meat and Winter Vegetable Stew;34686;30 m
Can of Mushroom and Asparagus Risotto;34604;30 m
Can of Potato and Leek Soup;34717;30 m
Can of Poultry and Leek Soup;34738;30 m
Can of Poultry Tarragon Pasta;34769;30 m
Can of Raspberry Peach Bread;34742;30 m
Can of Roasted Meat with Braised Leeks;34688;30 m
Can of Snow Truffle Soup;34682;30 m
Can of Spicy Meat Chili;34744;30 m
Can of Spicy Veggie Chili;34689;30 m
Can of Steak and Asparagus;34655;30 m
Can of Steak and Asparagus Dinner;34739;30 m
Can of Stewed Oysters;53384;30 m
Candied Apple;15249;30 m
Candy Cane;34210;1 m
Candy Corn Cake;15251;30 m
Candy Corn Cookie;15253;30 m
Canned Chocolate Raspberry Cake;34773;30 m
Canned Eggplant Fritter;34617;30 m
Canned Mixed Berry Pie;34612;30 m
Canned Peach Pie Filling;34626;30 m
Canned Peach Tart;34619;30 m
Canned Raspberry Passion Fruit Compote;34713;30 m
Canned Raspberry Peach Compote;34613;30 m
"Canned Rice Ball with ""Lucky"" Filling";53416;30 m
Canned Roasted Artichoke;34751;30 m
Canned Spicier Flank Steak;34752;30 m
Canned Spicy Stuffed Mushroom;34733;30 m
Canned Stuffed Artichoke with Tropical Dressing;34731;30 m
Canned Tarragon Bread;34608;30 m
Canned Tarragon Stuffed Poultry;34777;30 m
Caramel;9980;15 m
Caramel Apple;9980;30 m
Carrot Soufflé;9750;30 m
Celebratory Steak;9733;30 m
Cheese Pizza;10002;30 m
Cheese Triangle;9972;30 m
Cheeseburger;10128;30 m
Cheesy Cassava Roll;33909;30 m
Chef's Tasting Platter;57320;30 m
Cherry Almond Bar;9998;30 m
Cherry Cookie;9794;30 m
Cherry Passion Fruit Cake;15836;30 m
Cherry Pie;9954;30 m
Cherry Tart;10134;30 m
Chickpea Fritter;10139;30 m
Chili Pepper Popper;10069;30 m
Chocolate Banana;9982;30 m
Chocolate Cake;10123;30 m
Chocolate Cherry;9984;30 m
Chocolate Cherry Cake;10124;30 m
Chocolate Chip Cookie;9798;30 m
Chocolate Mint Cookie;9799;30 m
Chocolate Omnomberry Cake;10127;30 m
Chocolate Omnomberry Cream;9987;30 m
Chocolate Orange;9985;30 m
Chocolate Raspberry Cake;10126;30 m
Chocolate Raspberry Cookie;9800;30 m
Chocolate Raspberry Cream;9986;30 m
Cilantro and Cured Meat Flatbread;57409;1 h
Cilantro Lime Sous-Vide Steak;57244;1 h
Cinnamon Apple;9994;30 m
Cinnamon Pinwheel;9778;30 m
Clam Cake;9996;30 m
Clove and Veggie Flatbread;57344;1 h
Clove-Spiced Creme Brulee;57394;1 h
Clove-Spiced Eggs Benedict;57242;1 h
Clove-Spiced Pear and Cured Meat Flatbread;57072;1 h
Cooked Crawdad;9972;10 m
Cooked Fish Steak;10018;10 m
Cooking Golem;77572;1 h
Crab Cake;10046;10 m
Crab Food;9821;10 m
Crunchy Firefly Snack;10002;10 m
Crunchy Grasshopper;9773;10 m
Cup of Light-Roasted Coffee;40014;30 m
Cup of Lotus Fries;10141;30 m
Cup of Potato Fries;10018;15 m
Cupcake;9952;10 m
Curry Bun;9780;10 m
Delicious Cave Spore;9792;10 m
Delicious Rice Ball;26529;30 m
Deluxe Burger;10130;30 m
Dilled Poultry Piccata;10045;30 m
Divinity Stuffed Mushroom;9753;30 m
Dragon's Breath Bun;9750;30 m
Dragon's Revelry Starcake;19451;30 m
Dragonfish Candy;10048;30 m
Dragonfly Cupcake;10137;30 m
Drake Steak;10117;10 m
Dredge Worker Ration;9990;10 m
Drottot's Poached Egg;9758;30 m
Eda's Apple Pie;9758;30 m
Egg in a Cloud;9742;30 m
Eggplant Fritter;10140;30 m
Eggs Beetletun;9994;30 m
Eggs Benedict with Mint-Parsley Sauce;57259;1 h
Experimental Remnant;10079;10 m
Experimental Skritt Wafer;9988;10 m
Explorers Kit;10074;1 h
Eztlitl Stuffed Mushroom;9754;30 m
Fancy Truffle Burger;10133;30 m
Fancy Veggie Pizza;10007;30 m
Feast of Delectable Birthday Cake;25318;30 m
Filet of Rosemary-Roasted Meat;9770;30 m
Filet of Sesame-Roasted Meat;9766;30 m
Fish Steak;10043;10 m
Fishy Rice Bowl;66503;30 m
Flaming Fire Flakes;10119;15 m
Flask of Emergency Supplies;10075;10 m
Flatbread;33084;30 m
Flight of Sushi;67705;1 h
Fried Banana Chips;62677;30 m
Fried Golden Dumpling;26530;30 m
Fried Oyster Sandwich;39348;30 m
Fried Oysters;39302;30 m
Ghost Pepper Popper;10068;30 m
Ginger Pear Tart;10135;30 m
Glass of Melon Juice;10026;10 m
Glazed Chocolate Raspberry Cookie;15257;30 m
Glazed Peach Tart;15258;30 m
Glazed Pear Tart;15255;30 m
Glazed Pumpkin Pie;15256;30 m
Grape Pie;9990;30 m
Grawl Snack;10010;10 m
Griffon Egg;9745;10 m
Griffon Egg Omelet;9767;30m
Grilled Mushroom;9786;30 m
Grilled Portobello Mushroom;9814;30 m
Grilled Poultry;10041;15 m
Grilled Steak;9758;15 m
Grumble Cake;9778;10 m
Grumble Pie;;10 m
Gummy Wurms;15842;15 m
Hamburger;10128;15 m
Handful of Bjarni's Rabbit Food;9778;30 m
Handful of Trail Mix;9739;30 m
Healing Salve;9988;10 m
Heart-Shaped Cookie;9989;10 m
Holographic Super Cake;50335;30 m
Homemade Campfire Treat;63019;30 m
Honeypot Ant;9797;10 m
Horseradish Burger;10131;30 m
Icy Fish Snack;10047;10 m
Indigo Mushroom Milkshake;9957;30 m
Jar of Juniberry Jam;9788;10 m
Jerk Poultry and Nopal Flatbread Sandwich;33856;30 m
Jerk Poultry Flatbread Sandwich;33392;30 m
Jug of Autumn Nectar;10010;10 m
Jungle Wurm Omelet (Mossman Style);;30 m
Karka Cake;9756;15 m
Karka Egg Omelet;9756;10 m
Kastaz Roasted Poultry;9988;30 m
Kodan Incense;9774;10 m
Koi Cake;10009;30 m
Kralkachocolate Bar;16501;30 m
Krewe Bar;9778;10 m
Lake Doric Mussels;37623;30m
Large Mist Defensive Potion;32134;1 h
Large Mist Mobility Potion;33024;1 h
Large Mist Offensive Potion;32473;1 h
Lemon Bar;9996;30 m
Lemon Tart;9994;30 m
Loaf of Banana Bread;9780;30 m
Loaf of Bread;9778;15 m
Loaf of Candy Cactus Cornbread;24797;30 m
Loaf of Kodan Bread;10020;10 m
Loaf of Omnomberry Bread;9825;30 m
Loaf of Raspberry Peach Bread;9824;30 m
Loaf of Rosemary Bread;9976;30 m
Loaf of Saffron Bread;9979;30 m
Loaf of Shaemoor Bread;10018;10 m
Loaf of Tarragon Bread;9978;30 m
Loaf of Travelers Bread;9778;10 m
Loaf of Walnut Sticky Bread;9779;30 m
Loaf of Zucchini Bread;9822;30 m
Longevity Noodles;63487;30 m
Magical Fruit;9751;10 m
Mango Cilantro Creme Brulee;57267;1 h
Mango Pie;9993;30 m
Marinated Mushroom;9751;30 m
Mashed Potato;10018;30 m
Mashed Purple Potatoes;10025;30 m
Meat Pie;9994;30 m
Meatball;9784;15 m
Meatball Dinner;9784;30 m
Meaty Asparagus Skewer;64568;30 m
Meaty Rice Bowl;65354;30 m
Mined Edible Root;10030;10 m
Minotaur Steak;9827;30 m
Mint and Veggie Flatbread;57263;1 h
Mint Creme Brulee;57310;1 h
Mint Strawberry Cheesecake;57384;1 h
Mint-Pear Cured Meat Flatbread;57064;1 h
Mist Defensive Potion;32134;1 h
Mist Mobility Potion;33024;1 h
Mist Offensive Potion;32473;1 h
Mists-Infused Peppercorn-Crusted Sous-Vide Steak;69141;1 h
Mists-Infused Spherified Peppercorn-Spiced Oyster Soup;69124;1 h
Mixed Berry Pie;9956;30 m
Moa Egg Omelet;10012;10 m
Moa Haunch;9743;10 m
Murrellow Stimulant Snack;9798;10 m
Mushroom Clove Sous-Vide Steak;57393;1 h
Mushroom Loaf;17822;30 m
Mushroom Pizza;10006;30 m
New Year Rice Cake;79403;30 m
Nourishment (Weight of the World);58512;5 m
Ogre Pet Snack;9786;10 m
Omnomberry Bar;10001;30 m
Omnomberry Compote;10031;30 m
Omnomberry Cookie;9797;30 m
Omnomberry Ghost;15259;30 m
Omnomberry Pie;9957;30 m
Omnomberry Tart;10137;30 m
Onion Ring;9994;15 m
Orange Cake;10125;15 m
Orange Clove Cheesecake;57211;1 h
Orange Coconut Bar;9999;30 m
Orange Coconut Cake;10125;30 m
Orange Passion Fruit Tart;15838;30 m
Orangefish Sushi;64896;30 m
Order of Whispers Rations;33084;15 m
Oysters Gnashblade;39067;30 m
Oysters with Cocktail Sauce;39341;30 m
Oysters with Pesto Sauce;39042;30 m
Oysters with Spicy Sauce;39500;30 m
Oysters with Zesty Sauce;39344;30 m
Pact Ration;33084;10 m
Passion Fruit Bar;9792;30 m
Passion Fruit Coconut Cookie;15839;30 m
Passion Fruit Soufflé;9782;30 m
Peach Cookie;9796;30 m
Peach Pie;9992;30 m
Peach Tart;10136;30 m
Peeled Spikeroot Fruit;9786;10 m
Pepper Steak;9760;30 m
Pepper Steak Dinner;9745;30 m
Peppercorn and Veggie Flatbread;57382;1 h
Peppercorn-Crusted Sous-Vide Steak;57051;1 h
Peppercorn-Spiced Eggs Benedict;57210;1 h
Peppered Cured Meat Flatbread;57127;1 h
Peppermint Omnomberry Bar;34188;30 m
Petri Dish Delight;10004;10 m
Pickled Wurm Egg;9758;10 m
Piece of Candy Corn Almond Brittle;15254;30 m
Piece of Orrian Sea Urchin Roe Sushi;9756;35 m
Piece of Undersea Wurm Sushi;33936;35 m
Pirate Hard Tack;9990;10 m
Plate of Beef Carpaccio with Mint Garnish;57251;1 h
Plate of Beef Carpaccio with Salsa Garnish;57042;1 h
Plate of Beef Rendang;49686;30 m
Plate of Citrus Clove Meat;9763;30 m
Plate of Citrus Poultry with Almonds;10046;30 m
Plate of Clear Truffle and Cilantro Ravioli;57295;1 h
Plate of Clear Truffle and Mint Ravioli;57112;1 h
Plate of Clear Truffle and Sesame Ravioli;57213;1 h
Plate of Clove-Spiced Beef Carpaccio;57237;1 h
Plate of Clove-Spiced Clear Truffle Ravioli;57379;1 h
Plate of Clove-Spiced Coq Au Vin;57348;1 h
Plate of Clove-Spiced Poultry Aspic;57302;1 h
Plate of Coq Au Vin with Mint Garnish;57362;1 h
Plate of Coq Au Vin with Salsa;57253;1 h
Plate of Coriander Crusted Meat;9767;30 m
Plate of Coriander Crusted Meat Dinner;9748;30 m
Plate of Crispy Fish Pancakes;64562;1 h
Plate of Eggs Benedict;57187;30 m
Plate of Fire Flank Steak;9765;30 m
Plate of Frostgorge Clams;9813;30 m
Plate of Imperial Palace Special;67265;1 h
Plate of Island Pudding;36406;30 m
Plate of Jerk Poultry;32662;30 m
Plate of Kimchi Pancakes;65769;30 m
Plate of Lemongrass Poultry;10048;30 m
Plate of Mushrooms Yakkington;9738;30 m
Plate of Mussels Gnashblade;33476;30 m
Plate of Orrian Steak Frittes;9773;30 m
Plate of Pasta with Tomato Sauce;9782;30 m
Plate of Peppercorn-Spiced Beef Carpaccio;57114;1 h
Plate of Peppercorn-Spiced Coq Au Vin;57260;1 h
Plate of Peppercorn-Spiced Poultry Aspic;57299;1 h
Plate of Peppered Clear Truffle Ravioli;57155;1 h
Plate of Poultry Aspic with Mint Garnish;57178;1 h
Plate of Poultry Aspic with Salsa Garnish;57341;1 h
Plate of Roast Meat with Braised Leeks;9772;30 m
Plate of Roast Meat with Mint Sauce;9771;30 m
Plate of Roasted Cactus;24793;30 m
Plate of Sesame Poultry Aspic;57205;1 h
Plate of Sesame-Crusted Coq Au Vin;57290;1 h
Plate of Sesame-Crusted Coq Au Vin;57183;1 h
Plate of Sesame-Crusted Coq Au Vin;57123;1 h
Plate of Sesame-Crusted Coq Au Vin;57151;1 h
Plate of Sesame-Crusted Coq Au Vin;57360;1 h
Plate of Sesame-Crusted Coq Au Vin;57061;1 h
Plate of Sesame-Ginger Beef Carpaccio;57231;1 h
Plate of Spicy Herbed Chicken;17823;30 m
Plate of Spicy Moa Wings;57883;30 m
Plate of Steak and Asparagus Dinner;9749;30 m
Plate of Steak and Asparagus;9768;30 m
Plate of Sugar Rib Roast;41809;30 m
Plate of Sweet Curried Mussels;36508;30m
Plate of Truffle Steak Dinner;9750;30 m
Plate of Truffle Steak;9769;30m
Poached Griffon Egg;10083;10 m
Poached Salmon Filet;9782;10 m
Potion of Ascalonian Mages;38350;30 m
Poultry Piccata;10041;30 m
Prickly Pear Pie;24800;30 m
Prickly Pear Stuffed Nopal;24804;30 m
Priory Rations;33084;15 m
Prismatic Soylent;9792;10 m
Prototype Nutriment;9790;10 m
Pumpkin Pie;9991;30 m
Purity;9732;15 m
Quaggan Fish Snack;10041;10 m
Quiche of Darkness;10017;30 m
Rabbit Offering;10049;10 m
Rare Veggie Pizza;10009;30 m
Raspberry Passion Fruit Compote;15840;30 m
Raspberry Peach Bar;10000;30 m
Raspberry Peach Compote;10030;30 m
Raspberry Pie;9990;30 m
Red Bean Cake;9822;10 m
Red Lentil and Flatbread Feast;45694;1 h
Red-Lentil Saobosa;46273;30 m
Redfish Sushi;64931;30 m
Rice Ball;9758;10 m
Roasted Aloe Seed;10085;10 m
Roasted Artichoke;10067;30 m
Roasted Meaty Sandwich;9758;30 m
Roasted Parsnip;10024;30 m
Roasted Rutabaga;10023;30 m
Rock Candy;24807;15 m
Saffron Mussels;38079;30 m
Saffron Stuffed Mushroom;9756;30 m
Sage-Stuffed Mushroom;9752;30 m
Sage-Stuffed Poultry;10043;30 m
Saint Bones;58105;30 m
Salsa Eggs Benedict;57117;1 h
Salsa-Topped Veggie Flatbread;57269;1 h
Scoop of Mintberry Swirl Ice Cream;34207;30 m
Seared Beef Steak;9786;10 m
Seaweed (consumable);;10 m
Seraph Spicy Ration;9989;10 m
Seraph Standard Ration;9988;10 m
Sesame Cheesecake;57328;1 h
Sesame Creme Brulee;57194;1 h
Sesame Eggs Benedict;57084;1 h
Sesame Veggie Flatbread;57050;1 h
Sesame-Asparagus and Cured Meat Flatbread;57222;1 h
Sesame-Roasted Dinner;9747;30 m
Shiverpeak Popper;9990;10 m
Shiverpeak Ration;9989;10 m
Slice of Allspice Cake with Ice Cream;32501;30 m
Slice of Allspice Cake;33792;30 m
Slice of Buttered Toast;9972;15 m
Slice of Candied Dragon Roll;9957;30 m
Slice of Cinnamon Toast;9972;30 m
Slice of Eda's Apple Pie;9790;10 m
Slice of Garlic Bread;9974;30 m
Slice of Ice Worm Sashimi;9808;10 m
Slice of Pumpkin Bread;9823;30 m
Slice of Rainbow Cake;9950;10 m
Slice of Spiced Bread;9977;30 m
Slice of Vigil Hard Tack;9991;10 m
Slice of Watermelon;10049;10 m
Soul Cake;58110;30 m
Soul Pastry;53222;45 m
Sous-Vide Steak with Mint-Parsley Sauce;57342;1 h
Soy-Sesame Sous-Vide Steak;57241;1 h
Sparkling Effervescence;9995;10 m
Spherified Cilantro Oyster Soup;57356;1 h
Spherified Clove-Spiced Oyster Soup;57374;1 h
Spherified Oyster Soup with Mint Garnish;57201;1 h
Spherified Peppercorn-Spiced Oyster Soup;57165;1 h
Spherified Sesame Oyster Soup;57037;1 h
Spiced Pepper Creme Brulee;57067;1 h
Spiced Peppercorn Cheesecake;57129;1 h
Spicier Flank Steak;9764;30 m
Spicy Cheeseburger;10132;30 m
Spicy Chocolate Cookie;9801;30 m
Spicy Flank Steak;9758;30 m
Spicy Lime Steak;9762;30 m
Spicy Marinated Mushroom;17824;30 m
Spicy Meat Kabob;9743;30 m
Spicy Pumpkin Cookie;15260;30 m
Spicy Stuffed Mushroom;9755;30 m
Spinach Burger;10129;30 m
Spinach Salad;10011;30 m
Spring Roll;26534;30 m
Standard Pact Ration;9992;10 m
Steak with Winterberry Sauce;37540;30 m
Steamed Red Dumpling;26536;30 m
Stick of Cotton Candy;9988;10 m
Stick of Mystery Meat;9760;10 m
Stranglebloom Heart;9790;10 m
Strawberries and Biscuits;9996;30 m
Strawberry Cilantro Cheesecake;57239;1 h
Strawberry Cookie;9792;30 m
Strawberry Ghost;15252;30 m
Strawberry Pie;9952;30 m
Strawberry Tart;9996;30 m
Strip of Boar Jerky;10041;10 m
Strip of Dolyak Jerky;10081;10 m
Strip of Venison Jerky;10043;10 m
Stuffed Artichoke with Tropical Dressing;15841;30 m
Stuffed Pepper;10071;30 m
Stuffed Zucchini;10065;30 m
Sugar Cookie;9790;30 m
Super Mixed Parfait;67803;30 m
Super Veggie Pizza;10008;30 m
Super-Hot Lemongrass Poultry Soup;10017;30m
Super-Hot Poultry and Leek Soup;10016;30m
Super-Hot Poultry and Winter Vegetable Soup;10091;30m
Super-Hot Saffron-Scented Poultry Soup;10092;30 m
Sweet Bean Bun;26532;30 m
Sweet Campfire Treat;9766;30 m
Swiftly Scrambled Eggs;10080;30m
T-Bone Steak;9758;10 m
Tarragon Stuffed Poultry;10047;30 m
Tray of Decade Desserts;68232;2 h
Triktiki Omelet;9753;30 m
Tropical Peppermint Cake;34212;30 m
Turnip Casserole;10020;30 m
Turrón Slice;63482;30 m
Variloo's Swift Algae Snack;10055;10 m
Veggie Burger;9788;30 m
Veggie Pizza;10004;30 m
Vigil Rations;33084;15 m
Warden Ration;9758;30 m
White Cake;10122;30 m
Whitefish Sushi;66342;30 m
Winterberry Pie;37475;30 m
Winterberry Sorbet;37339;30 m
Wolf Offering;836;10 m
Yam Fritter;10138;30 m
Yellowfish Sushi;65613;30 m
Zephyrite Fish Jerky;69471;1 h
