name;url
Apprentice Tuning Crystal;https://wiki.guildwars2.com/wiki/Apprentice_Tuning_Crystal#/media/File:Apprentice_Tuning_Crystal.png
Artisan Maintenance Oil;https://wiki.guildwars2.com/wiki/Artisan_Maintenance_Oil#/media/File:Artisan_Maintenance_Oil.png
Artisan Tuning Crystal;https://wiki.guildwars2.com/wiki/Artisan_Tuning_Crystal#/media/File:Artisan_Tuning_Crystal.png
Bountiful Maintenance Oil Station;https://wiki.guildwars2.com/wiki/Bountiful_Maintenance_Oil_Station#/media/File:Maintenance_Oil_Station.png
Bountiful Maintenance Oil;https://wiki.guildwars2.com/wiki/Bountiful_Maintenance_Oil#/media/File:Master_Maintenance_Oil.png
Bountiful Sharpening Stone;https://wiki.guildwars2.com/wiki/Bountiful_Sharpening_Stone#/media/File:Superior_Sharpening_Stone.png
Bountiful Tuning Crystal;https://wiki.guildwars2.com/wiki/Bountiful_Tuning_Crystal#/media/File:Master_Tuning_Crystal.png
Chatoyant Elixir;https://wiki.guildwars2.com/wiki/Chatoyant_Elixir#/media/File:Chatoyant_Elixir.png
Compact Hardened Sharpening Stone;https://wiki.guildwars2.com/wiki/Compact_Hardened_Sharpening_Stone#/media/File:Compact_Hardened_Sharpening_Stone.png
Compact Quality Maintenance Oil;https://wiki.guildwars2.com/wiki/Compact_Quality_Maintenance_Oil#/media/File:Compact_Quality_Maintenance_Oil.png
Compact Quality Tuning Crystal;https://wiki.guildwars2.com/wiki/Compact_Quality_Tuning_Crystal#/media/File:Compact_Quality_Tuning_Crystal.png
Corsair Maintenance Oil;https://wiki.guildwars2.com/wiki/Corsair_Maintenance_Oil#/media/File:Magnanimous_Maintenance_Oil.png
Corsair Sharpening Stone;https://wiki.guildwars2.com/wiki/Corsair_Sharpening_Stone#/media/File:Corsair_Sharpening_Stone.png
Corsair Tuning Crystal;https://wiki.guildwars2.com/wiki/Corsair_Tuning_Crystal#/media/File:Corsair_Tuning_Crystal.png
Decade Enhancement Station;https://wiki.guildwars2.com/wiki/Decade_Enhancement_Station#/media/File:Decade_Enhancement_Station.png
Demon-Slaying Station;https://wiki.guildwars2.com/wiki/Demon-Slaying_Station#/media/File:Sharpening_Stone_Station.png
Dragon Crystal Potion;https://wiki.guildwars2.com/wiki/Dragon_Crystal_Potion#/media/File:Dragon_Crystal_Potion.png
Enhanced Lucent Oil;https://wiki.guildwars2.com/wiki/Enhanced_Lucent_Oil#/media/File:Enhanced_Lucent_Oil.png
Extended Potion of Dredge Slaying;https://wiki.guildwars2.com/wiki/Extended_Potion_of_Dredge_Slaying#/media/File:Powerful_Potion_of_Dredge_Slaying.png
Extended Potion of Flame Legion Slaying;https://wiki.guildwars2.com/wiki/Extended_Potion_of_Flame_Legion_Slaying#/media/File:Powerful_Potion_of_Flame_Legion_Slaying.png
Extended Potion of Ghost Slaying;https://wiki.guildwars2.com/wiki/Extended_Potion_of_Ghost_Slaying#/media/File:Glass_of_Buttermilk.png
Extended Potion of Inquest Slaying;https://wiki.guildwars2.com/wiki/Extended_Potion_of_Inquest_Slaying#/media/File:Powerful_Potion_of_Inquest_Slaying.png
Extended Potion of Nightmare Court Slaying;https://wiki.guildwars2.com/wiki/Extended_Potion_of_Nightmare_Court_Slaying#/media/File:Powerful_Potion_of_Nightmare_Court_Slaying.png
Extended Potion of Outlaw Slaying;https://wiki.guildwars2.com/wiki/Extended_Potion_of_Outlaw_Slaying#/media/File:Powerful_Potion_of_Outlaw_Slaying.png
Extended Potion of Sons of Svanir Slaying;https://wiki.guildwars2.com/wiki/Extended_Potion_of_Sons_of_Svanir_Slaying#/media/File:Powerful_Potion_of_Ice_Brood_Slaying.png
Extended Potion of Undead Slaying;https://wiki.guildwars2.com/wiki/Extended_Potion_of_Undead_Slaying#/media/File:Powerful_Potion_of_Undead_Slaying.png
Flask of Pumpkin Oil;https://wiki.guildwars2.com/wiki/Flask_of_Pumpkin_Oil#/media/File:Flask_of_Pumpkin_Oil.png
Fool's Dog Treat;https://wiki.guildwars2.com/wiki/Fool's_Dog_Treat#/media/File:Fool's_Dog_Treat.png
Fool's Ocular Tonic;https://wiki.guildwars2.com/wiki/Fool's_Ocular_Tonic#/media/File:Fool's_Ocular_Tonic.png
Fool's Tall Tonic;https://wiki.guildwars2.com/wiki/Fool's_Tall_Tonic#/media/File:Fool's_Tall_Tonic.png
Furious Maintenance Oil;https://wiki.guildwars2.com/wiki/Furious_Maintenance_Oil#/media/File:Master_Maintenance_Oil.png
Furious Sharpening Stone;https://wiki.guildwars2.com/wiki/Furious_Sharpening_Stone#/media/File:Superior_Sharpening_Stone.png
Furious Tuning Crystal;https://wiki.guildwars2.com/wiki/Furious_Tuning_Crystal#/media/File:Master_Tuning_Crystal.png
Hardened Sharpening Stone;https://wiki.guildwars2.com/wiki/Hardened_Sharpening_Stone#/media/File:Hardened_Sharpening_Stone.png
Holographic Super Apple;https://wiki.guildwars2.com/wiki/Holographic_Super_Apple#/media/File:Holographic_Super_Apple.png
Holographic Super Cheese;https://wiki.guildwars2.com/wiki/Holographic_Super_Cheese#/media/File:Holographic_Super_Cheese.png
Holographic Super Drumstick;https://wiki.guildwars2.com/wiki/Holographic_Super_Drumstick#/media/File:Holographic_Super_Drumstick.png
Hylek Maintenance Oil;https://wiki.guildwars2.com/wiki/Hylek_Maintenance_Oil#/media/File:Master_Maintenance_Oil.png
Journeyman Maintenance Oil;https://wiki.guildwars2.com/wiki/Journeyman_Maintenance_Oil#/media/File:Journeyman_Maintenance_Oil.png
Journeyman Tuning Crystal;https://wiki.guildwars2.com/wiki/Journeyman_Tuning_Crystal#/media/File:Journeyman_Tuning_Crystal.png
Karka Toughness Station;https://wiki.guildwars2.com/wiki/Karka_Toughness_Station#/media/File:Sharpening_Stone_Station.png
Krait Tuning Crystal;https://wiki.guildwars2.com/wiki/Krait_Tuning_Crystal#/media/File:Master_Tuning_Crystal.png
Lump of Crystallized Nougat;https://wiki.guildwars2.com/wiki/Lump_of_Crystallized_Nougat#/media/File:Lump_of_Crystallized_Nougat.png
Magnanimous Maintenance Oil Station;https://wiki.guildwars2.com/wiki/Magnanimous_Maintenance_Oil_Station#/media/File:Maintenance_Oil_Station.png
Magnanimous Maintenance Oil;https://wiki.guildwars2.com/wiki/Magnanimous_Maintenance_Oil#/media/File:Magnanimous_Maintenance_Oil.png
Magnanimous Sharpening Stone;https://wiki.guildwars2.com/wiki/Magnanimous_Sharpening_Stone#/media/File:Magnanimous_Sharpening_Stone.png
Magnanimous Tuning Crystal Station;https://wiki.guildwars2.com/wiki/Magnanimous_Tuning_Crystal_Station#/media/File:Tuning_Crystal_Station.png
Magnanimous Tuning Crystal;https://wiki.guildwars2.com/wiki/Magnanimous_Tuning_Crystal#/media/File:Magnanimous_Tuning_Crystal.png
Maintenance Oil Station;https://wiki.guildwars2.com/wiki/Maintenance_Oil_Station#/media/File:Maintenance_Oil_Station.png
Master Maintenance Oil;https://wiki.guildwars2.com/wiki/Master_Maintenance_Oil#/media/File:Master_Maintenance_Oil.png
Master Tuning Crystal;https://wiki.guildwars2.com/wiki/Master_Tuning_Crystal#/media/File:Master_Tuning_Crystal.png
Minor Potion of Branded Slaying;https://wiki.guildwars2.com/wiki/Minor_Potion_of_Branded_Slaying#/media/File:Minor_Potion_of_Branded_Slaying.png
Minor Potion of Centaur Slaying;https://wiki.guildwars2.com/wiki/Minor_Potion_of_Centaur_Slaying#/media/File:Minor_Potion_of_Centaur_Slaying.png
Minor Potion of Demon Slaying;https://wiki.guildwars2.com/wiki/Minor_Potion_of_Demon_Slaying#/media/File:Minor_Potion_of_Demon_Slaying.png
Minor Potion of Destroyer Slaying;https://wiki.guildwars2.com/wiki/Minor_Potion_of_Destroyer_Slaying#/media/File:Minor_Potion_of_Destroyer_Slaying.png
Minor Potion of Dredge Slaying;https://wiki.guildwars2.com/wiki/Minor_Potion_of_Dredge_Slaying#/media/File:Minor_Potion_of_Dredge_Slaying.png
Minor Potion of Elemental Slaying;https://wiki.guildwars2.com/wiki/Minor_Potion_of_Elemental_Slaying#/media/File:Minor_Potion_of_Elemental_Slaying.png
Minor Potion of Flame Legion Slaying;https://wiki.guildwars2.com/wiki/Minor_Potion_of_Flame_Legion_Slaying#/media/File:Minor_Potion_of_Flame_Legion_Slaying.png
Minor Potion of Grawl Slaying;https://wiki.guildwars2.com/wiki/Minor_Potion_of_Grawl_Slaying#/media/File:Minor_Potion_of_Grawl_Slaying.png
Minor Potion of Halloween Slaying;https://wiki.guildwars2.com/wiki/Minor_Potion_of_Halloween_Slaying#/media/File:Minor_Potion_of_Grawl_Slaying.png
Minor Potion of Hologram Slaying;https://wiki.guildwars2.com/wiki/Minor_Potion_of_Hologram_Slaying#/media/File:Minor_Potion_of_Hologram_Slaying.png
Minor Potion of Ice Brood Slaying;https://wiki.guildwars2.com/wiki/Minor_Potion_of_Ice_Brood_Slaying#/media/File:Minor_Potion_of_Ice_Brood_Slaying.png
Minor Potion of Inquest Slaying;https://wiki.guildwars2.com/wiki/Minor_Potion_of_Inquest_Slaying#/media/File:Sip_of_Liquid_Karma.png
Minor Potion of Krait Slaying;https://wiki.guildwars2.com/wiki/Minor_Potion_of_Krait_Slaying#/media/File:Minor_Potion_of_Krait_Slaying.png
Minor Potion of Mordrem Slaying;https://wiki.guildwars2.com/wiki/Minor_Potion_of_Mordrem_Slaying#/media/File:Minor_Potion_of_Mordrem_Slaying.png
Minor Potion of Nightmare Court Slaying;https://wiki.guildwars2.com/wiki/Minor_Potion_of_Nightmare_Court_Slaying#/media/File:Minor_Potion_of_Nightmare_Court_Slaying.png
Minor Potion of Ogre Slaying;https://wiki.guildwars2.com/wiki/Minor_Potion_of_Ogre_Slaying#/media/File:Minor_Potion_of_Ogre_Slaying.png
Minor Potion of Outlaw Slaying;https://wiki.guildwars2.com/wiki/Minor_Potion_of_Outlaw_Slaying#/media/File:Minor_Potion_of_Outlaw_Slaying.png
Minor Potion of Slaying Scarlet's Armies;https://wiki.guildwars2.com/wiki/Minor_Potion_of_Slaying_Scarlet's_Armies#/media/File:Minor_Potion_of_Slaying_Scarlet's_Armies.png
Minor Potion of Sons of Svanir Slaying;https://wiki.guildwars2.com/wiki/Minor_Potion_of_Sons_of_Svanir_Slaying#/media/File:Tonic.png
Minor Potion of Undead Slaying;https://wiki.guildwars2.com/wiki/Minor_Potion_of_Undead_Slaying#/media/File:Taste_of_Liquid_Karma.png
Mist-Infused Maintenance Oil;https://wiki.guildwars2.com/wiki/Mist-Infused_Maintenance_Oil#/media/File:Master_Maintenance_Oil.png
Mist-Infused Master Tuning Crystal;https://wiki.guildwars2.com/wiki/Mist-Infused_Master_Tuning_Crystal#/media/File:Master_Tuning_Crystal.png
Mist-Infused Sharpening Stone;https://wiki.guildwars2.com/wiki/Mist-Infused_Sharpening_Stone#/media/File:Superior_Sharpening_Stone.png
Ogre Sharpening Stone;https://wiki.guildwars2.com/wiki/Ogre_Sharpening_Stone#/media/File:Superior_Sharpening_Stone.png
Peppermint Oil;https://wiki.guildwars2.com/wiki/Peppermint_Oil#/media/File:Peppermint_Oil.png
Potent Hardened Sharpening Stone;https://wiki.guildwars2.com/wiki/Potent_Hardened_Sharpening_Stone#/media/File:Hardened_Sharpening_Stone.png
Potent Lucent Oil;https://wiki.guildwars2.com/wiki/Potent_Lucent_Oil#/media/File:Potent_Lucent_Oil.png
Potent Master Maintenance Oil;https://wiki.guildwars2.com/wiki/Potent_Master_Maintenance_Oil#/media/File:Master_Maintenance_Oil.png
Potent Master Tuning Crystal;https://wiki.guildwars2.com/wiki/Potent_Master_Tuning_Crystal#/media/File:Master_Tuning_Crystal.png
Potent Potion of Centaur Slaying;https://wiki.guildwars2.com/wiki/Potent_Potion_of_Centaur_Slaying#/media/File:Potent_Potion_of_Centaur_Slaying.png
Potent Potion of Demon Slaying;https://wiki.guildwars2.com/wiki/Potent_Potion_of_Demon_Slaying#/media/File:Potent_Potion_of_Demon_Slaying.png
Potent Potion of Destroyer Slaying;https://wiki.guildwars2.com/wiki/Potent_Potion_of_Destroyer_Slaying#/media/File:Potent_Potion_of_Destroyer_Slaying.png
Potent Potion of Dredge Slaying;https://wiki.guildwars2.com/wiki/Potent_Potion_of_Dredge_Slaying#/media/File:Potent_Potion_of_Dredge_Slaying.png
Potent Potion of Elemental Slaying;https://wiki.guildwars2.com/wiki/Potent_Potion_of_Elemental_Slaying#/media/File:Potent_Potion_of_Elemental_Slaying.png
Potent Potion of Flame Legion Slaying;https://wiki.guildwars2.com/wiki/Potent_Potion_of_Flame_Legion_Slaying#/media/File:Potent_Potion_of_Flame_Legion_Slaying.png
Potent Potion of Grawl Slaying;https://wiki.guildwars2.com/wiki/Potent_Potion_of_Grawl_Slaying#/media/File:Potent_Potion_of_Grawl_Slaying.png
Potent Potion of Halloween Slaying;https://wiki.guildwars2.com/wiki/Potent_Potion_of_Halloween_Slaying#/media/File:Potent_Potion_of_Ogre_Slaying.png
Potent Potion of Ice Brood Slaying;https://wiki.guildwars2.com/wiki/Potent_Potion_of_Ice_Brood_Slaying#/media/File:Potent_Potion_of_Ice_Brood_Slaying.png
Potent Potion of Inquest Slaying;https://wiki.guildwars2.com/wiki/Potent_Potion_of_Inquest_Slaying#/media/File:Jug_of_Liquid_Karma.png
Potent Potion of Krait Slaying;https://wiki.guildwars2.com/wiki/Potent_Potion_of_Krait_Slaying#/media/File:Potent_Potion_of_Krait_Slaying.png
Potent Potion of Nightmare Court Slaying;https://wiki.guildwars2.com/wiki/Potent_Potion_of_Nightmare_Court_Slaying#/media/File:Potent_Potion_of_Nightmare_Court_Slaying.png
Potent Potion of Ogre Slaying;https://wiki.guildwars2.com/wiki/Potent_Potion_of_Ogre_Slaying#/media/File:Potent_Potion_of_Ogre_Slaying.png
Potent Potion of Outlaw Slaying;https://wiki.guildwars2.com/wiki/Potent_Potion_of_Outlaw_Slaying#/media/File:Potent_Potion_of_Outlaw_Slaying.png
Potent Potion of Sons of Svanir Slaying;https://wiki.guildwars2.com/wiki/Potent_Potion_of_Sons_of_Svanir_Slaying#/media/File:Potent_Potion_of_Sons_of_Svanir_Slaying.png
Potent Potion of Undead Slaying;https://wiki.guildwars2.com/wiki/Potent_Potion_of_Undead_Slaying#/media/File:Potent_Potion_of_Undead_Slaying.png
Potent Quality Sharpening Stone;https://wiki.guildwars2.com/wiki/Potent_Quality_Sharpening_Stone#/media/File:Quality_Sharpening_Stone.png
Potent Simple Sharpening Stone;https://wiki.guildwars2.com/wiki/Potent_Simple_Sharpening_Stone#/media/File:Simple_Sharpening_Stone.png
Potent Standard Sharpening Stone;https://wiki.guildwars2.com/wiki/Potent_Standard_Sharpening_Stone#/media/File:Standard_Sharpening_Stone.png
Potent Superior Sharpening Stone;https://wiki.guildwars2.com/wiki/Potent_Superior_Sharpening_Stone#/media/File:Superior_Sharpening_Stone.png
Potion of Azantil;https://wiki.guildwars2.com/wiki/Potion_of_Azantil#/media/File:Cuatl_Tonic.png
Potion of Centaur Slaying;https://wiki.guildwars2.com/wiki/Potion_of_Centaur_Slaying#/media/File:Potion_of_Centaur_Slaying.png
Potion of Demon Slaying;https://wiki.guildwars2.com/wiki/Potion_of_Demon_Slaying#/media/File:Potion_of_Demon_Slaying.png
Potion of Destroyer Slaying;https://wiki.guildwars2.com/wiki/Potion_of_Destroyer_Slaying#/media/File:Potion_of_Destroyer_Slaying.png
Potion of Dredge Slaying;https://wiki.guildwars2.com/wiki/Potion_of_Dredge_Slaying#/media/File:Potion_of_Dredge_Slaying.png
Potion of Elemental Slaying;https://wiki.guildwars2.com/wiki/Potion_of_Elemental_Slaying#/media/File:Potion_of_Elemental_Slaying.png
Potion of Flame Legion Slaying;https://wiki.guildwars2.com/wiki/Potion_of_Flame_Legion_Slaying#/media/File:Potion_of_Flame_Legion_Slaying.png
Potion of Grawl Slaying;https://wiki.guildwars2.com/wiki/Potion_of_Grawl_Slaying#/media/File:Potion_of_Grawl_Slaying.png
Potion of Halloween Slaying;https://wiki.guildwars2.com/wiki/Potion_of_Halloween_Slaying#/media/File:Minor_Potion_of_Ogre_Slaying.png
Potion of Ice Brood Slaying;https://wiki.guildwars2.com/wiki/Potion_of_Ice_Brood_Slaying#/media/File:Potion_of_Ice_Brood_Slaying.png
Potion of Inquest Slaying;https://wiki.guildwars2.com/wiki/Potion_of_Inquest_Slaying#/media/File:Vial_of_Liquid_Karma.png
Potion Of Karka Slaying;https://wiki.guildwars2.com/wiki/Potion_Of_Karka_Slaying#/media/File:Powerful_Potion_of_Inquest_Slaying.png
Potion Of Karka Toughness;https://wiki.guildwars2.com/wiki/Potion_Of_Karka_Toughness#/media/File:Powerful_Potion_of_Inquest_Slaying.png
Potion of Krait Slaying;https://wiki.guildwars2.com/wiki/Potion_of_Krait_Slaying#/media/File:Potion_of_Krait_Slaying.png
Potion of Nightmare Court Slaying;https://wiki.guildwars2.com/wiki/Potion_of_Nightmare_Court_Slaying#/media/File:Potion_of_Nightmare_Court_Slaying.png
Potion of Ogre Slaying;https://wiki.guildwars2.com/wiki/Potion_of_Ogre_Slaying#/media/File:Potion_of_Ogre_Slaying.png
Potion of Outlaw Slaying;https://wiki.guildwars2.com/wiki/Potion_of_Outlaw_Slaying#/media/File:Potion_of_Outlaw_Slaying.png
Potion of Sons of Svanir Slaying;https://wiki.guildwars2.com/wiki/Potion_of_Sons_of_Svanir_Slaying#/media/File:Potion_of_Sons_of_Svanir_Slaying.png
Potion of Undead Slaying;https://wiki.guildwars2.com/wiki/Potion_of_Undead_Slaying#/media/File:Swig_of_Liquid_Karma.png
Powerful Potion of Branded Slaying;https://wiki.guildwars2.com/wiki/Powerful_Potion_of_Branded_Slaying#/media/File:Powerful_Potion_of_Branded_Slaying.png
Powerful Potion of Centaur Slaying;https://wiki.guildwars2.com/wiki/Powerful_Potion_of_Centaur_Slaying#/media/File:Powerful_Potion_of_Centaur_Slaying.png
Powerful Potion of Demon Slaying;https://wiki.guildwars2.com/wiki/Powerful_Potion_of_Demon_Slaying#/media/File:Powerful_Potion_of_Demon_Slaying.png
Powerful Potion of Destroyer Slaying;https://wiki.guildwars2.com/wiki/Powerful_Potion_of_Destroyer_Slaying#/media/File:Powerful_Potion_of_Destroyer_Slaying.png
Powerful Potion of Dredge Slaying;https://wiki.guildwars2.com/wiki/Powerful_Potion_of_Dredge_Slaying#/media/File:Powerful_Potion_of_Dredge_Slaying.png
Powerful Potion of Elemental Slaying;https://wiki.guildwars2.com/wiki/Powerful_Potion_of_Elemental_Slaying#/media/File:Powerful_Potion_of_Elemental_Slaying.png
Powerful Potion of Flame Legion Slaying;https://wiki.guildwars2.com/wiki/Powerful_Potion_of_Flame_Legion_Slaying#/media/File:Powerful_Potion_of_Flame_Legion_Slaying.png
Powerful Potion of Grawl Slaying;https://wiki.guildwars2.com/wiki/Powerful_Potion_of_Grawl_Slaying#/media/File:Powerful_Potion_of_Grawl_Slaying.png
Powerful Potion of Halloween Slaying;https://wiki.guildwars2.com/wiki/Powerful_Potion_of_Halloween_Slaying#/media/File:Endless_Plush_Griffon_Tonic.png
Powerful Potion of Ice Brood Slaying;https://wiki.guildwars2.com/wiki/Powerful_Potion_of_Ice_Brood_Slaying#/media/File:Powerful_Potion_of_Ice_Brood_Slaying.png
Powerful Potion of Inquest Slaying;https://wiki.guildwars2.com/wiki/Powerful_Potion_of_Inquest_Slaying#/media/File:Powerful_Potion_of_Inquest_Slaying.png
Powerful Potion of Krait Slaying;https://wiki.guildwars2.com/wiki/Powerful_Potion_of_Krait_Slaying#/media/File:Powerful_Potion_of_Krait_Slaying.png
Powerful Potion of Mordrem Slaying;https://wiki.guildwars2.com/wiki/Powerful_Potion_of_Mordrem_Slaying#/media/File:Powerful_Potion_of_Mordrem_Slaying.png
Powerful Potion of Nightmare Court Slaying;https://wiki.guildwars2.com/wiki/Powerful_Potion_of_Nightmare_Court_Slaying#/media/File:Powerful_Potion_of_Nightmare_Court_Slaying.png
Powerful Potion of Ogre Slaying;https://wiki.guildwars2.com/wiki/Powerful_Potion_of_Ogre_Slaying#/media/File:Powerful_Potion_of_Ogre_Slaying.png
Powerful Potion of Outlaw Slaying;https://wiki.guildwars2.com/wiki/Powerful_Potion_of_Outlaw_Slaying#/media/File:Powerful_Potion_of_Outlaw_Slaying.png
Powerful Potion of Slaying Scarlet's Armies;https://wiki.guildwars2.com/wiki/Powerful_Potion_of_Slaying_Scarlet%27s_Armies#/media/File:Powerful_Potion_of_Demon_Slaying.png
Powerful Potion of Sons of Svanir Slaying;https://wiki.guildwars2.com/wiki/Powerful_Potion_of_Sons_of_Svanir_Slaying#/media/File:Powerful_Potion_of_Sons_of_Svanir_Slaying.png
Powerful Potion of Undead Slaying;https://wiki.guildwars2.com/wiki/Powerful_Potion_of_Undead_Slaying#/media/File:Powerful_Potion_of_Undead_Slaying.png
Quality Maintenance Oil;https://wiki.guildwars2.com/wiki/Quality_Maintenance_Oil#/media/File:Quality_Maintenance_Oil.png
Quality Sharpening Stone;https://wiki.guildwars2.com/wiki/Quality_Sharpening_Stone#/media/File:Quality_Sharpening_Stone.png
Quality Tuning Crystal;https://wiki.guildwars2.com/wiki/Quality_Tuning_Crystal#/media/File:Quality_Tuning_Crystal.png
Rough Sharpening Stone;https://wiki.guildwars2.com/wiki/Rough_Sharpening_Stone#/media/File:Rough_Sharpening_Stone.png
Serious Potion;https://wiki.guildwars2.com/wiki/Serious_Potion#/media/File:Drop_of_Liquid_World_Experience.png
Sharpening Golem;
Sharpening Skull;https://wiki.guildwars2.com/wiki/Sharpening_Skull#/media/File:Sharpening_Skull.png
Sharpening Stone Station;https://wiki.guildwars2.com/wiki/Sharpening_Stone_Station#/media/File:Sharpening_Stone_Station.png
Simple Sharpening Stone;https://wiki.guildwars2.com/wiki/Simple_Sharpening_Stone#/media/File:Simple_Sharpening_Stone.png
Skale Venom (consumable);https://wiki.guildwars2.com/wiki/Skale_Venom_(consumable)#/media/File:Weak_Potion_of_Nightmare_Court_Slaying.png
Snow Diamond Ornament;https://wiki.guildwars2.com/wiki/Snow_Diamond_Ornament#/media/File:Snow_Diamond_Ornament.png
Standard Maintenance Oil;https://wiki.guildwars2.com/wiki/Standard_Maintenance_Oil#/media/File:Standard_Maintenance_Oil.png
Standard Sharpening Stone;https://wiki.guildwars2.com/wiki/Standard_Sharpening_Stone#/media/File:Standard_Sharpening_Stone.png
Standard Tuning Crystal;https://wiki.guildwars2.com/wiki/Standard_Tuning_Crystal#/media/File:Standard_Tuning_Crystal.png
Strong Potion of Centaur Slaying;https://wiki.guildwars2.com/wiki/Strong_Potion_of_Centaur_Slaying#/media/File:Strong_Potion_of_Centaur_Slaying.png
Strong Potion of Demon Slaying;https://wiki.guildwars2.com/wiki/Strong_Potion_of_Demon_Slaying#/media/File:Strong_Potion_of_Demon_Slaying.png
Strong Potion of Destroyer Slaying;https://wiki.guildwars2.com/wiki/Strong_Potion_of_Destroyer_Slaying#/media/File:Strong_Potion_of_Destroyer_Slaying.png
Strong Potion of Dredge Slaying;https://wiki.guildwars2.com/wiki/Strong_Potion_of_Dredge_Slaying#/media/File:Strong_Potion_of_Dredge_Slaying.png
Strong Potion of Elemental Slaying;https://wiki.guildwars2.com/wiki/Strong_Potion_of_Elemental_Slaying#/media/File:Strong_Potion_of_Elemental_Slaying.png
Strong Potion of Flame Legion Slaying;https://wiki.guildwars2.com/wiki/Strong_Potion_of_Flame_Legion_Slaying#/media/File:Strong_Potion_of_Flame_Legion_Slaying.png
Strong Potion of Grawl Slaying;https://wiki.guildwars2.com/wiki/Strong_Potion_of_Grawl_Slaying#/media/File:Strong_Potion_of_Grawl_Slaying.png
Strong Potion of Halloween Slaying;https://wiki.guildwars2.com/wiki/Strong_Potion_of_Halloween_Slaying#/media/File:Potion_of_Ogre_Slaying.png
Strong Potion of Ice Brood Slaying;https://wiki.guildwars2.com/wiki/Strong_Potion_of_Ice_Brood_Slaying#/media/File:Strong_Potion_of_Ice_Brood_Slaying.png
Strong Potion of Inquest Slaying;https://wiki.guildwars2.com/wiki/Strong_Potion_of_Inquest_Slaying#/media/File:Gulp_of_Liquid_Karma.png
Strong Potion of Krait Slaying;https://wiki.guildwars2.com/wiki/Strong_Potion_of_Krait_Slaying#/media/File:Strong_Potion_of_Krait_Slaying.png
Strong Potion of Nightmare Court Slaying;https://wiki.guildwars2.com/wiki/Strong_Potion_of_Nightmare_Court_Slaying#/media/File:Strong_Potion_of_Nightmare_Court_Slaying.png
Strong Potion of Ogre Slaying;https://wiki.guildwars2.com/wiki/Strong_Potion_of_Ogre_Slaying#/media/File:Strong_Potion_of_Ogre_Slaying.png
Strong Potion of Outlaw Slaying;https://wiki.guildwars2.com/wiki/Strong_Potion_of_Outlaw_Slaying#/media/File:Strong_Potion_of_Outlaw_Slaying.png
Strong Potion of Sons of Svanir Slaying;https://wiki.guildwars2.com/wiki/Strong_Potion_of_Sons_of_Svanir_Slaying#/media/File:Strong_Potion_of_Sons_of_Svanir_Slaying.png
Strong Potion of Undead Slaying;https://wiki.guildwars2.com/wiki/Strong_Potion_of_Undead_Slaying#/media/File:Flask_of_Liquid_Karma.png
Superior Sharpening Stone;https://wiki.guildwars2.com/wiki/Superior_Sharpening_Stone#/media/File:Superior_Sharpening_Stone.png
Swift Moa Feather;https://wiki.guildwars2.com/wiki/Swift_Moa_Feather#/media/File:Swift_Moa_Feather.png
Thesis on Accuracy;https://wiki.guildwars2.com/wiki/Thesis_on_Accuracy#/media/File:Thesis_on_Basic_Accuracy.png
Thesis on Basic Accuracy;https://wiki.guildwars2.com/wiki/Thesis_on_Basic_Accuracy#/media/File:Thesis_on_Basic_Accuracy.png
Thesis on Basic Malice;https://wiki.guildwars2.com/wiki/Thesis_on_Basic_Malice#/media/File:Thesis_on_Basic_Malice.png
Thesis on Basic Speed;https://wiki.guildwars2.com/wiki/Thesis_on_Basic_Speed#/media/File:Thesis_on_Basic_Speed.png
Thesis on Basic Strength;https://wiki.guildwars2.com/wiki/Thesis_on_Basic_Strength#/media/File:Thesis_on_Basic_Strength.png
Thesis on Calculated Accuracy;https://wiki.guildwars2.com/wiki/Thesis_on_Calculated_Accuracy#/media/File:Thesis_on_Basic_Accuracy.png
Thesis on Calculated Malice;https://wiki.guildwars2.com/wiki/Thesis_on_Calculated_Malice#/media/File:Thesis_on_Basic_Malice.png
Thesis on Calculated Strength;https://wiki.guildwars2.com/wiki/Thesis_on_Calculated_Strength#/media/File:Thesis_on_Basic_Strength.png
Thesis on Learned Accuracy;https://wiki.guildwars2.com/wiki/Thesis_on_Learned_Accuracy#/media/File:Thesis_on_Basic_Accuracy.png
Thesis on Learned Malice;https://wiki.guildwars2.com/wiki/Thesis_on_Learned_Malice#/media/File:Thesis_on_Basic_Malice.png
Thesis on Learned Strength;https://wiki.guildwars2.com/wiki/Thesis_on_Learned_Strength#/media/File:Thesis_on_Basic_Strength.png
Thesis on Malice;https://wiki.guildwars2.com/wiki/Thesis_on_Malice#/media/File:Thesis_on_Basic_Malice.png
Thesis on Masterful Accuracy;https://wiki.guildwars2.com/wiki/Thesis_on_Masterful_Accuracy#/media/File:Thesis_on_Basic_Accuracy.png
Thesis on Masterful Malice;https://wiki.guildwars2.com/wiki/Thesis_on_Masterful_Malice#/media/File:Thesis_on_Basic_Malice.png
Thesis on Masterful Strength;https://wiki.guildwars2.com/wiki/Thesis_on_Masterful_Strength#/media/File:Thesis_on_Basic_Strength.png
Thesis on Speed;https://wiki.guildwars2.com/wiki/Thesis_on_Speed#/media/File:Thesis_on_Basic_Speed.png
Thesis on Strength;https://wiki.guildwars2.com/wiki/Thesis_on_Strength#/media/File:Thesis_on_Basic_Strength.png
Thesis on Studied Accuracy;https://wiki.guildwars2.com/wiki/Thesis_on_Studied_Accuracy#/media/File:Thesis_on_Basic_Accuracy.png
Thesis on Studied Malice;https://wiki.guildwars2.com/wiki/Thesis_on_Studied_Malice#/media/File:Thesis_on_Basic_Malice.png
Thesis on Studied Speed;https://wiki.guildwars2.com/wiki/Thesis_on_Studied_Speed#/media/File:Thesis_on_Basic_Speed.png
Thesis on Studied Strength;https://wiki.guildwars2.com/wiki/Thesis_on_Studied_Strength#/media/File:Thesis_on_Basic_Strength.png
Tin of Fruitcake;https://wiki.guildwars2.com/wiki/Tin_of_Fruitcake#/media/File:Tin_of_Fruitcake.png
Tiny Sharpening Stone;https://wiki.guildwars2.com/wiki/Tiny_Sharpening_Stone#/media/File:Rough_Sharpening_Stone.png
Toxic Maintenance Oil;https://wiki.guildwars2.com/wiki/Toxic_Maintenance_Oil#/media/File:Toxic_Maintenance_Oil.png
Toxic Sharpening Stone;https://wiki.guildwars2.com/wiki/Toxic_Sharpening_Stone#/media/File:Toxic_Sharpening_Stone.png
Toxic Tuning Crystal Station;https://wiki.guildwars2.com/wiki/Toxic_Tuning_Crystal_Station#/media/File:Tuning_Crystal_Station.png
Toxic Tuning Crystal;https://wiki.guildwars2.com/wiki/Toxic_Tuning_Crystal#/media/File:Toxic_Tuning_Crystal.png
Tuning Crystal Station;https://wiki.guildwars2.com/wiki/Tuning_Crystal_Station#/media/File:Tuning_Crystal_Station.png
Tuning Icicle;https://wiki.guildwars2.com/wiki/Tuning_Icicle#/media/File:Tuning_Icicle.png
Undead Battle Potion;https://wiki.guildwars2.com/wiki/Undead_Battle_Potion#/media/File:Bottle_of_Ginger_Marinate.png
Weak Potion of Centaur Slaying;https://wiki.guildwars2.com/wiki/Weak_Potion_of_Centaur_Slaying#/media/File:Weak_Potion_of_Centaur_Slaying.png
Weak Potion of Demon Slaying;https://wiki.guildwars2.com/wiki/Weak_Potion_of_Demon_Slaying#/media/File:Weak_Potion_of_Demon_Slaying.png
Weak Potion of Destroyer Slaying;https://wiki.guildwars2.com/wiki/Weak_Potion_of_Destroyer_Slaying#/media/File:Weak_Potion_of_Destroyer_Slaying.png
Weak Potion of Dredge Slaying;https://wiki.guildwars2.com/wiki/Weak_Potion_of_Dredge_Slaying#/media/File:Weak_Potion_of_Dredge_Slaying.png
Weak Potion of Elemental Slaying;https://wiki.guildwars2.com/wiki/Weak_Potion_of_Elemental_Slaying#/media/File:Weak_Potion_of_Elemental_Slaying.png
Weak Potion of Flame Legion Slaying;https://wiki.guildwars2.com/wiki/Weak_Potion_of_Flame_Legion_Slaying#/media/File:Weak_Potion_of_Flame_Legion_Slaying.png
Weak Potion of Grawl Slaying;https://wiki.guildwars2.com/wiki/Weak_Potion_of_Grawl_Slaying#/media/File:Weak_Potion_of_Grawl_Slaying.png
Weak Potion of Halloween Slaying;https://wiki.guildwars2.com/wiki/Weak_Potion_of_Halloween_Slaying#/media/File:Weak_Potion_of_Halloween_Slaying.png
Weak Potion of Ice Brood Slaying;https://wiki.guildwars2.com/wiki/Weak_Potion_of_Ice_Brood_Slaying#/media/File:Weak_Potion_of_Ice_Brood_Slaying.png
Weak Potion of Inquest Slaying;https://wiki.guildwars2.com/wiki/Weak_Potion_of_Inquest_Slaying#/media/File:Drip_of_Liquid_Karma.png
Weak Potion of Krait Slaying;https://wiki.guildwars2.com/wiki/Weak_Potion_of_Krait_Slaying#/media/File:Weak_Potion_of_Krait_Slaying.png
Weak Potion of Nightmare Court Slaying;https://wiki.guildwars2.com/wiki/Weak_Potion_of_Nightmare_Court_Slaying#/media/File:Weak_Potion_of_Nightmare_Court_Slaying.png
Weak Potion of Ogre Slaying;https://wiki.guildwars2.com/wiki/Weak_Potion_of_Ogre_Slaying#/media/File:Weak_Potion_of_Halloween_Slaying.png
Weak Potion of Outlaw Slaying;https://wiki.guildwars2.com/wiki/Weak_Potion_of_Outlaw_Slaying#/media/File:Weak_Potion_of_Outlaw_Slaying.png
Weak Potion of Sons of Svanir Slaying;https://wiki.guildwars2.com/wiki/Weak_Potion_of_Sons_of_Svanir_Slaying#/media/File:Mystery_Tonic_(furniture).png
Weak Potion of Undead Slaying;https://wiki.guildwars2.com/wiki/Weak_Potion_of_Undead_Slaying#/media/File:Thimble_of_Liquid_Karma.png
Writ of Accuracy;https://wiki.guildwars2.com/wiki/Writ_of_Accuracy#/media/File:Writ_of_Accuracy.png
Writ of Basic Accuracy;https://wiki.guildwars2.com/wiki/Writ_of_Basic_Accuracy#/media/File:Writ_of_Basic_Accuracy.png
Writ of Basic Malice;https://wiki.guildwars2.com/wiki/Writ_of_Basic_Malice#/media/File:Writ_of_Basic_Malice.png
Writ of Basic Speed;https://wiki.guildwars2.com/wiki/Writ_of_Basic_Speed#/media/File:Writ_of_Basic_Speed.png
Writ of Basic Strength;https://wiki.guildwars2.com/wiki/Writ_of_Basic_Strength#/media/File:Writ_of_Basic_Strength.png
Writ of Calculated Accuracy;https://wiki.guildwars2.com/wiki/Writ_of_Calculated_Accuracy#/media/File:Writ_of_Calculated_Accuracy.png
Writ of Calculated Malice;https://wiki.guildwars2.com/wiki/Writ_of_Calculated_Malice#/media/File:Writ_of_Calculated_Malice.png
Writ of Calculated Strength;https://wiki.guildwars2.com/wiki/Writ_of_Calculated_Strength#/media/File:Writ_of_Calculated_Strength.png
Writ of Learned Accuracy;https://wiki.guildwars2.com/wiki/Writ_of_Learned_Accuracy#/media/File:Writ_of_Masterful_Accuracy.png
Writ of Learned Malice;https://wiki.guildwars2.com/wiki/Writ_of_Learned_Malice#/media/File:Writ_of_Learned_Malice.png
Writ of Learned Strength;https://wiki.guildwars2.com/wiki/Writ_of_Learned_Strength#/media/File:Writ_of_Calculated_Strength.png
Writ of Malice;https://wiki.guildwars2.com/wiki/Writ_of_Malice#/media/File:Writ_of_Malice.png
Writ of Masterful Accuracy;https://wiki.guildwars2.com/wiki/Writ_of_Masterful_Accuracy#/media/File:Writ_of_Masterful_Accuracy.png
Writ of Masterful Malice;https://wiki.guildwars2.com/wiki/Writ_of_Masterful_Malice#/media/File:Writ_of_Masterful_Malice.png
Writ of Masterful Speed;https://wiki.guildwars2.com/wiki/Writ_of_Masterful_Speed#/media/File:Recipe_sheet_masterwork_boots.png
Writ of Masterful Strength;https://wiki.guildwars2.com/wiki/Writ_of_Masterful_Strength#/media/File:Writ_of_Masterful_Strength.png
Writ of Strength;https://wiki.guildwars2.com/wiki/Writ_of_Strength#/media/File:Writ_of_Strength.png
Writ of Studied Accuracy;https://wiki.guildwars2.com/wiki/Writ_of_Studied_Accuracy#/media/File:Writ_of_Studied_Accuracy.png
Writ of Studied Malice;https://wiki.guildwars2.com/wiki/Writ_of_Studied_Malice#/media/File:Writ_of_Studied_Malice.png
Writ of Studied Speed;https://wiki.guildwars2.com/wiki/Writ_of_Studied_Speed#/media/File:Recipe_sheet_fine_boots.png
Writ of Studied Strength;https://wiki.guildwars2.com/wiki/Writ_of_Studied_Strength#/media/File:Writ_of_Studied_Strength.png
